run_set,traj_ver,,run_idx,gpu,wallclock_s,,,,
diep-0-strcs-0,trajectories_ver1,Tl2SeO4,0,V100L,3647.83194,
diep-0-strcs-0,trajectories_ver1,K3NbO8,2,V100,4088.637187,
diep-0-strcs-0,trajectories_ver1,Nb3RhSe6,3,V100,4737.851969,
diep-0-strcs-0,trajectories_ver1,Sc2Te3,4,V100L,3699.085697,
diep-0-strcs-0,trajectories_ver1,UF5,5,L40S,2185.114402,
diep-0-strcs-0,trajectories_ver1,Cs2Sb,6,V100L,3381.725828,
diep-0-strcs-0,trajectories_ver1,Ho2TeO13,7,V100,,
diep-0-strcs-0,trajectories_ver1,ScMnGe2,8,L40S,8280.8796,
diep-0-strcs-0,trajectories_ver1,EuIn4,9,V100,2420.304962,
diep-0-strcs-0,trajectories_ver2,Tl2SeO4,0,V100L,3711.585639,,,,
diep-0-strcs-0,trajectories_ver2,K3NbO8,2,V100,3984.978936,,,,
diep-0-strcs-0,trajectories_ver2,Nb3RhSe6,3,V100,4371.125904,,,,
diep-0-strcs-0,trajectories_ver2,Sc2Te3,4,V100,3015.075723,,,,
diep-0-strcs-0,trajectories_ver2,UF5,5,V100,2367.247806,,,,
diep-0-strcs-0,trajectories_ver2,Cs2Sb,6,V100,3054.194685,,,,
diep-0-strcs-0,trajectories_ver2,Ho2TeO13,7,V100,,,,,
diep-0-strcs-0,trajectories_ver2,ScMnGe2,8,V100,,,,,
diep-0-strcs-0,trajectories_ver2,EuIn4,9,V100,3848.595604,,,,
diep-0-strcs-100,trajectories_ver1,Tl2SeO4,0,V100,1872.913034,,,,
diep-0-strcs-100,trajectories_ver1,K3NbO8,2,V100L,2035.697861,,,,
diep-0-strcs-100,trajectories_ver1,Nb3RhSe6,3,L40S,1760.86106,,,,
diep-0-strcs-100,trajectories_ver1,Sc2Te3,4,V100,1820.75595,,,,
diep-0-strcs-100,trajectories_ver1,UF5,5,L40S,1330.451546,,,,
diep-0-strcs-100,trajectories_ver1,Cs2Sb,6,V100,1784.617613,,,,
diep-0-strcs-100,trajectories_ver1,Ho2TeO13,7,V100,3063.678129,,,,
diep-0-strcs-100,trajectories_ver1,ScMnGe2,8,V100,3259.075283,,,,
diep-0-strcs-100,trajectories_ver1,EuIn4,9,V100,1308.604362,,,,
diep-0-strcs-100,trajectories_ver2,Tl2SeO4,0,V100L,1810.46263,,,,
diep-0-strcs-100,trajectories_ver2,K3NbO8,2,V100,1766.960076,,,,
diep-0-strcs-100,trajectories_ver2,Nb3RhSe6,3,V100,2706.113989,,,,
diep-0-strcs-100,trajectories_ver2,Sc2Te3,4,V100,1614.151952,,,,
diep-0-strcs-100,trajectories_ver2,UF5,5,V100,1204.564632,,,,
diep-0-strcs-100,trajectories_ver2,Cs2Sb,6,V100,1651.764484,,,,
diep-0-strcs-100,trajectories_ver2,Ho2TeO13,7,V100,2775.187386,,,,
diep-0-strcs-100,trajectories_ver2,ScMnGe2,8,V100,2790.11016,,,,
diep-0-strcs-100,trajectories_ver2,EuIn4,9,V100,1249.045095,,,,
m3gnet-0-strcs-0,trajectories_ver1,Tl2SeO4,0,L40S,1813.046268,,,,
m3gnet-0-strcs-0,trajectories_ver1,K3NbO8,2,L40S,1907.79558,,,,
m3gnet-0-strcs-0,trajectories_ver1,Nb3RhSe6,3,L40S,2033.294291,,,,
m3gnet-0-strcs-0,trajectories_ver1,Sc2Te3,4,L40S,1788.480846,,,,
m3gnet-0-strcs-0,trajectories_ver1,UF5,5,L40S,1480.487544,,,,
m3gnet-0-strcs-0,trajectories_ver1,Cs2Sb,6,L40S,1764.323974,,,,
m3gnet-0-strcs-0,trajectories_ver1,Ho2TeO13,7,L40S,3393.40443,,,,
m3gnet-0-strcs-0,trajectories_ver1,ScMnGe2,8,L40S,3417.038476,,,,
m3gnet-0-strcs-0,trajectories_ver1,EuIn4,9,L40S,1522.740727,,,,
m3gnet-0-strcs-0,trajectories_ver2,Tl2SeO4,0,V100L,2751.561564,,,,
m3gnet-0-strcs-0,trajectories_ver2,K3NbO8,2,L40S,1910.056696,,,,
m3gnet-0-strcs-0,trajectories_ver2,Nb3RhSe6,3,L40S,2089.186503,,,,
m3gnet-0-strcs-0,trajectories_ver2,Sc2Te3,4,L40S,1790.906107,,,,
m3gnet-0-strcs-0,trajectories_ver2,UF5,5,L40S,1522.433496,,,,
m3gnet-0-strcs-0,trajectories_ver2,Cs2Sb,6,V100,2753.430734,,,,
m3gnet-0-strcs-0,trajectories_ver2,Ho2TeO13,7,V100,12282.43779,,,,
m3gnet-0-strcs-0,trajectories_ver2,ScMnGe2,8,V100,6531.472285,,,,
m3gnet-0-strcs-0,trajectories_ver2,EuIn4,9,L40S,1512.039397,,,,
m3gnet-0-strcs-0,trajectories_ver3,Tl2SeO4,0,V100L,2876.744566,,,,
m3gnet-0-strcs-0,trajectories_ver3,K3NbO8,2,L40S,1932.40882,,,,
m3gnet-0-strcs-0,trajectories_ver3,Nb3RhSe6,3,V100,3229.363682,,,,
m3gnet-0-strcs-0,trajectories_ver3,Sc2Te3,4,V100,2371.877256,,,,
m3gnet-0-strcs-0,trajectories_ver3,UF5,5,V100,1854.49285,,,,
m3gnet-0-strcs-0,trajectories_ver3,Cs2Sb,6,V100,2657.923446,,,,
m3gnet-0-strcs-0,trajectories_ver3,Ho2TeO13,7,V100,6134.987322,,,,
m3gnet-0-strcs-0,trajectories_ver3,ScMnGe2,8,V100,13181.67246,,,,
m3gnet-0-strcs-0,trajectories_ver3,EuIn4,9,V100,1798.792576,,,,
m3gnet-0-strcs-100,trajectories_ver1,Tl2SeO4,0,L40S,1470.74567,,,,
m3gnet-0-strcs-100,trajectories_ver1,K3NbO8,2,V100L,7460.801288,,,,
m3gnet-0-strcs-100,trajectories_ver1,Nb3RhSe6,3,V100,1769.28844,,,,
m3gnet-0-strcs-100,trajectories_ver1,Sc2Te3,4,V100,1623.396863,,,,
m3gnet-0-strcs-100,trajectories_ver1,UF5,5,V100,1015.193779,,,,
m3gnet-0-strcs-100,trajectories_ver1,Cs2Sb,6,V100,1417.262256,,,,
m3gnet-0-strcs-100,trajectories_ver1,Ho2TeO13,7,V100,2350.449689,,,,
m3gnet-0-strcs-100,trajectories_ver1,ScMnGe2,8,V100,2302.249668,,,,
m3gnet-0-strcs-100,trajectories_ver1,EuIn4,9,V100,881.2031999,,,,
m3gnet-0-strcs-100,trajectories_ver2,Tl2SeO4,0,L40S,1471.093011,,,,
m3gnet-0-strcs-100,trajectories_ver2,K3NbO8,2,V100,1426.111383,,,,
m3gnet-0-strcs-100,trajectories_ver2,Nb3RhSe6,3,V100L,1955.796055,,,,
m3gnet-0-strcs-100,trajectories_ver2,Sc2Te3,4,L40S,922.7533322,,,,
m3gnet-0-strcs-100,trajectories_ver2,UF5,5,L40S,896.7221179,,,,
m3gnet-0-strcs-100,trajectories_ver2,Cs2Sb,6,V100,1414.777662,,,,
m3gnet-0-strcs-100,trajectories_ver2,Ho2TeO13,7,V100,2344.824807,,,,
m3gnet-0-strcs-100,trajectories_ver2,ScMnGe2,8,V100,2254.632499,,,,
m3gnet-0-strcs-100,trajectories_ver2,EuIn4,9,V100,648.8052711,,,,
m3gnet-0-strcs-100,trajectories_ver3,Tl2SeO4,0,V100L,1735.810883,,,,
m3gnet-0-strcs-100,trajectories_ver3,K3NbO8,2,V100,1662.572943,,,,
m3gnet-0-strcs-100,trajectories_ver3,Nb3RhSe6,3,V100,1773.198504,,,,
m3gnet-0-strcs-100,trajectories_ver3,Sc2Te3,4,V100,1566.392756,,,,
m3gnet-0-strcs-100,trajectories_ver3,UF5,5,V100L,1346.288873,,,,
m3gnet-0-strcs-100,trajectories_ver3,Cs2Sb,6,V100,1405.627901,,,,
m3gnet-0-strcs-100,trajectories_ver3,Ho2TeO13,7,V100,2332.499116,,,,
m3gnet-0-strcs-100,trajectories_ver3,ScMnGe2,8,V100,2256.030159,,,,
m3gnet-0-strcs-100,trajectories_ver3,EuIn4,9,V100,645.9400615,,,,
,,,,,,,,,
,,,,,,,,,
,,,,,,,,,
,,,,,,,,,
,,,,,,,,,
,,,,,,,,,
,,,,,,,,,
,,,,,,,,,
,,,,,,,,,
,,,,,,,,,
,,,,,,,,,
,,,,,,,,,
,,,,,,,,,
,,,,,,,,,
,,,,,,,,,
,,,,,,,,,
,,,,,,,,,
,,,,,,,,,
,,,,,,,,,
,,,,,,,,,
,,,,,,,,,
,,,,,,,,,
,,,,,,,,,
,,,,,,,,,
,,,,,,,,,
,,,,,,,,,
,,,,,,,,,
,,,,,,,,,
,,,,,,,,,
,,,,,,,,,
,,,,,,,,,
,,,,,,,,,
,,,,,,,,,
,,,,,,,,,
,,,,,,,,,
,,,,,,,,,
,,,,,,,,,
,,,,,,,,,
,,,,,,,,,
,,,,,,,,,
,,,,,,,,,
,,,,,,,,,
,,,,,,,,,
,,,,,,,,,
,,,,,,,,,
,,,,,,,,,
,,,,,,,,,
,,,,,,,,,
,,,,,,,,,
,,,,,,,,,
,,,,,,,,,
,,,,,,,,,
,,,,,,,,,
,,,,,,,,,
,,,,,,,,,
,,,,,,,,,
,,,,,,,,,
,,,,,,,,,
,,,,,,,,,
,,,,,,,,,
,,,,,,,,,
,,,,,,,,,
,,,,,,,,,
,,,,,,,,,
,,,,,,,,,
